Algorithm,Silhouette ↑,Davies-Bouldin ↓,Calinski-Harabasz ↑,Clusters,Noise %
Hierarchical,0.15145055399102922,2.112789548114508,76.01872677920421,2,0.0
K-Means,0.14757648748800026,2.193849902337391,127.42715604299327,2,0.0
GMM,0.09263191464002182,2.709345678388711,77.4012798043314,3,0.0
DBSCAN,-1.0,-1.0,-1.0,0,100.0
